{
  "total_time": 24859.77949500084,
  "curriculum_results": [
    {
      "stage_num": 1,
      "stage_name": "Stage 1: 4x4 Board Mastery",
      "board_size": [
        4,
        4
      ],
      "mines": 1,
      "total_episodes": 20000,
      "target_win_rate": 0.9,
      "training_stats": {
        "win_rate": 0.5302,
        "final_epsilon": 0.606454822840097,
        "replay_buffer_size": 42511
      },
      "eval_stats": {
        "win_rate": 0.78,
        "win_rate_std": 0.05019960159204454,
        "win_rate_range": [
          0.69,
          0.86
        ],
        "mean_reward": 402.89500000000004,
        "mean_reward_std": 24.86691024232806,
        "mean_length": 2.153,
        "mean_length_std": 0.1143721994192645
      },
      "best_eval_win_rate": 0.7799999999999999,
      "training_time": 1783.819669008255,
      "transfer_success": false,
      "achieved_win_rate": 0.78,
      "status": "\u2705 CLOSE",
      "final_agent_filename": "curriculum_stage_1_final_20250625_233023.pth",
      "best_model_filename": "curriculum_stage_1_best_20250625_230209.pth",
      "eval_history": [
        0.748,
        0.7799999999999999,
        0.588,
        0.5960000000000001,
        0.608,
        0.6639999999999999,
        0.43200000000000005,
        0.404,
        0.524,
        0.43999999999999995,
        0.6200000000000001,
        0.584,
        0.664,
        0.42799999999999994,
        0.388,
        0.5920000000000001,
        0.488,
        0.5439999999999999,
        0.45999999999999996,
        0.5,
        0.41200000000000003,
        0.5920000000000001,
        0.5,
        0.392,
        0.5960000000000001,
        0.5880000000000001,
        0.504,
        0.368,
        0.6,
        0.336,
        0.484,
        0.504,
        0.6,
        0.44000000000000006,
        0.5439999999999999,
        0.34800000000000003,
        0.5680000000000001,
        0.596,
        0.5680000000000001,
        0.616
      ]
    },
    {
      "stage_num": 2,
      "stage_name": "Stage 2: 5x5 Board Foundation",
      "board_size": [
        5,
        5
      ],
      "mines": 2,
      "total_episodes": 25000,
      "target_win_rate": 0.7,
      "training_stats": {
        "win_rate": 0.24816,
        "final_epsilon": 0.17843717930721537,
        "replay_buffer_size": 77423
      },
      "eval_stats": {
        "win_rate": 0.37,
        "win_rate_std": 0.05458937625582473,
        "win_rate_range": [
          0.29,
          0.45
        ],
        "mean_reward": 203.75,
        "mean_reward_std": 30.021733794036614,
        "mean_length": 3.09,
        "mean_length_std": 0.19924858845171267
      },
      "best_eval_win_rate": 0.4640000000000001,
      "training_time": 3664.8566880226135,
      "transfer_success": true,
      "achieved_win_rate": 0.37,
      "status": "\u274c NEEDS WORK",
      "final_agent_filename": "curriculum_stage_2_final_20250626_003131.pth",
      "best_model_filename": "curriculum_stage_2_best_20250625_233458.pth",
      "eval_history": [
        0.376,
        0.364,
        0.368,
        0.4640000000000001,
        0.34800000000000003,
        0.328,
        0.34400000000000003,
        0.392,
        0.256,
        0.336,
        0.22399999999999998,
        0.26,
        0.21999999999999997,
        0.252,
        0.276,
        0.236,
        0.34800000000000003,
        0.248,
        0.27999999999999997,
        0.23200000000000004,
        0.18,
        0.20800000000000002,
        0.184,
        0.172,
        0.176,
        0.23600000000000004,
        0.21200000000000002,
        0.18,
        0.22800000000000004,
        0.18,
        0.184,
        0.244,
        0.176,
        0.20800000000000002,
        0.184,
        0.21600000000000003,
        0.24000000000000005,
        0.20400000000000001,
        0.16,
        0.18,
        0.2,
        0.244,
        0.22399999999999998,
        0.272,
        0.24400000000000005,
        0.244,
        0.23199999999999998,
        0.196,
        0.22800000000000004,
        0.21999999999999997
      ]
    },
    {
      "stage_num": 3,
      "stage_name": "Stage 3: 6x6 Board Challenge",
      "board_size": [
        6,
        6
      ],
      "mines": 3,
      "total_episodes": 30000,
      "target_win_rate": 0.5,
      "training_stats": {
        "win_rate": 0.09459999999999999,
        "final_epsilon": 0.06741755802290308,
        "replay_buffer_size": 100000
      },
      "eval_stats": {
        "win_rate": 0.191,
        "win_rate_std": 0.02071231517720798,
        "win_rate_range": [
          0.15,
          0.22
        ],
        "mean_reward": 120.78000000000002,
        "mean_reward_std": 11.365302459679636,
        "mean_length": 3.7640000000000002,
        "mean_length_std": 0.2509262839959178
      },
      "best_eval_win_rate": 0.236,
      "training_time": 5219.168602228165,
      "transfer_success": true,
      "achieved_win_rate": 0.191,
      "status": "\u274c NEEDS WORK",
      "final_agent_filename": "curriculum_stage_3_final_20250626_015835.pth",
      "best_model_filename": "curriculum_stage_3_best_20250626_003612.pth",
      "eval_history": [
        0.192,
        0.156,
        0.236,
        0.156,
        0.22800000000000004,
        0.184,
        0.156,
        0.156,
        0.076,
        0.08,
        0.12400000000000003,
        0.08399999999999999,
        0.08399999999999999,
        0.12,
        0.052000000000000005,
        0.152,
        0.08,
        0.12799999999999997,
        0.144,
        0.1,
        0.072,
        0.092,
        0.092,
        0.132,
        0.11200000000000002,
        0.14000000000000004,
        0.092,
        0.10800000000000001,
        0.06000000000000001,
        0.10400000000000001,
        0.092,
        0.10400000000000001,
        0.08399999999999999,
        0.072,
        0.088,
        0.084,
        0.064,
        0.10400000000000001,
        0.06399999999999999,
        0.084,
        0.092,
        0.048,
        0.10400000000000001,
        0.052000000000000005,
        0.072,
        0.044000000000000004,
        0.096,
        0.064,
        0.032,
        0.052000000000000005,
        0.04,
        0.06,
        0.044000000000000004,
        0.052000000000000005,
        0.044000000000000004,
        0.036,
        0.05600000000000001,
        0.044,
        0.068,
        0.044000000000000004
      ]
    },
    {
      "stage_num": 4,
      "stage_name": "Stage 4: 8x8 Board Ultimate",
      "board_size": [
        8,
        8
      ],
      "mines": 6,
      "total_episodes": 40000,
      "target_win_rate": 0.2,
      "training_stats": {
        "win_rate": 0.0044,
        "final_epsilon": 0.0499859982461357,
        "replay_buffer_size": 100000
      },
      "eval_stats": {
        "win_rate": 0.008,
        "win_rate_std": 0.008717797887081347,
        "win_rate_range": [
          0.0,
          0.02
        ],
        "mean_reward": 30.870000000000005,
        "mean_reward_std": 4.513989366403071,
        "mean_length": 4.114,
        "mean_length_std": 0.14914422550001719
      },
      "best_eval_win_rate": 0.02,
      "training_time": 14175.186294078827,
      "transfer_success": true,
      "achieved_win_rate": 0.008,
      "status": "\u274c NEEDS WORK",
      "final_agent_filename": "curriculum_stage_4_final_20250626_055457.pth",
      "best_model_filename": "curriculum_stage_4_best_20250626_020825.pth",