{
  "timestamp": "20250625_171528",
  "baseline": {
    "training_stats": {
      "episodes": 100,
      "wins": 53,
      "losses": [
        51000.23828125,
        50989.33203125,
        47072.578125,
        54838.24609375,
        50891.5625,
        50781.546875,
        50575.42578125,
        54043.02734375,
        49627.79296875,
        52374.2421875,
        50874.859375,
        48394.72265625,
        38042.125,
        46761.12890625,
        38434.125,
        35006.6171875,
        37345.8359375,
        36040.5703125,
        37230.34375,
        27412.77734375,
        29590.9296875,
        27998.9609375,
        32710.8515625,
        31453.728515625,
        28383.80859375,
        29344.49609375,
        29036.443359375,
        26367.86328125,
        25113.251953125,
        29400.494140625,
        29149.123046875,
        23921.07421875,
        28556.263671875,
        30722.81640625,
        25322.9296875,
        23891.4453125,
        33754.125,
        26993.37109375,
        26250.212890625,
        29364.037109375,
        26664.27734375,
        21360.82421875,
        24955.9296875,
        35406.19140625,
        23365.275390625,
        27777.37890625,
        33090.78125,
        27000.201171875,
        25643.4375,
        28709.158203125,
        30031.69921875,
        26283.880859375,
        27849.921875,
        30278.3828125,
        28587.427734375,
        26078.720703125,
        31164.3984375,
        20400.8984375,
        26959.474609375,
        21806.677734375,
        28166.94921875,
        28548.529296875,
        23949.1484375,
        23939.87890625,
        25505.380859375,
        31417.58203125,
        25051.603515625,
        24725.01953125,
        29361.6171875,
        25349.47265625,
        20706.9921875,
        26515.310546875,
        20692.58984375,
        29236.623046875,
        20808.8125,
        30476.642578125,
        22339.6875,
        26859.50390625,
        34810.296875,
        33635.3046875,
        36629.58203125,
        37512.99609375,
        20075.5703125,
        29683.921875,
        41699.015625,
        32752.591796875,
        29272.46484375,
        32377.67578125,
        37351.453125,
        39499.9296875,
        36879.53515625,
        20241.501953125,
        29368.05859375,
        34102.21875,
        28327.771484375,
        25148.265625,
        32246.353515625,
        32934.98828125,
        28479.546875,
        35702.08203125,
        33816.23828125,
        22493.5703125,
        34609.6171875,
        38139.4921875,
        31363.966796875,
        32614.32421875,
        28789.14453125,
        32738.734375,
        27255.287109375,
        33129.0,
        34285.046875,
        26627.908203125,
        27166.376953125,
        41167.7890625,
        22990.140625,
        28186.328125,
        38640.6640625,
        25276.57421875,
        40020.75,
        33184.3046875,
        38462.28515625,
        26833.51171875,
        38010.12109375,
        28333.73046875,
        20227.27734375,
        30236.82421875,
        35173.921875,
        38909.3671875,
        32031.583984375,
        35532.6484375,
        25841.544921875,
        41764.83203125,
        28908.3984375,
        32901.4921875,
        26037.83203125,
        31737.6015625,
        36251.8359375,
        18109.30859375,
        33531.5546875,
        44414.08203125,
        28780.541015625,
        27671.201171875,
        31458.53125,
        38361.6953125,
        28114.625,
        31148.09375,
        29217.296875,
        26421.5234375,
        33491.91796875,
        28240.0234375,
        25724.994140625,
        32032.123046875,
        29385.552734375,
        24022.26171875,
        30640.05859375,
        27794.470703125,
        26306.001953125,
        25353.955078125,
        28534.3046875,
        30944.58984375,
        21588.767578125,
        27502.939453125,
        32754.67578125,
        26808.13671875,
        26858.19140625
      ],
      "win_rate": 0.53,
      "epsilon": 0.6057704364907278,
      "replay_buffer_size": 228,
      "device": "cpu",
      "episode_rewards": [
        515,
        25,
        10,
        500,
        515,
        515,
        25,
        515,
        -20,
        530,
        25,
        25,
        515,
        -5,
        10,
        -5,
        -5,
        25,
        500,
        -5,
        500,
        -5,
        530,
        545,
        500,
        -20,
        500,
        545,
        515,
        40,
        515,
        500,
        -20,
        500,
        -20,
        10,
        25,
        -5,
        -5,
        10,
        500,
        -5,
        515,
        515,
        -5,
        -5,
        25,
        515,
        530,
        -5,
        -5,
        25,
        -5,
        500,
        10,
        500,
        515,
        500,
        515,
        10,
        560,
        500,
        -5,
        -20,
        515,
        515,
        500,
        -5,
        545,
        545,
        500,
        -5,
        25,
        500,
        515,
        530,
        25,
        500,
        515,
        515,
        10,
        545,
        515,
        10,
        515,
        515,
        515,
        -20,
        10,
        -5,
        560,
        -20,
        -20,
        10,
        515,
        515,
        515,
        500,
        515,
        -5
      ],
      "episode_lengths": [
        2,
        4,
        3,
        1,
        2,
        2,
        4,
        2,
        1,
        3,
        4,
        4,
        2,
        2,
        3,
        2,
        2,
        4,
        1,
        2,
        1,
        2,
        3,
        4,
        1,
        1,
        1,
        4,
        2,
        5,
        2,
        1,
        1,
        1,
        1,
        3,
        4,
        2,
        2,
        3,
        1,
        2,
        2,
        2,
        2,
        2,
        4,
        2,
        3,
        2,
        2,
        4,
        2,
        1,
        3,
        1,
        2,
        1,
        2,
        3,
        5,
        1,
        2,
        1,
        2,
        2,
        1,
        2,
        4,
        4,
        1,
        2,
        4,
        1,
        2,
        3,
        4,
        1,
        2,
        2,
        3,
        4,
        2,
        3,
        2,
        2,
        2,
        1,
        3,
        2,
        5,
        1,
        1,
        3,
        2,
        2,
        2,
        1,
        2,
        2
      ],
      "mean_reward": 274.8,
      "mean_length": 2.28,
      "mean_loss": 31428.86190814394
    },
    "eval_stats": {
      "win_rate": 0.76,
      "mean_reward": 393.2,
      "mean_length": 2.2,
      "wins": 38,
      "total_episodes": 50,
      "rewards": [
        500,
        515,
        515,
        515,
        500,
        530,
        500,
        500,
        500,
        500,
        515,
        515,
        515,
        10,
        515,
        515,
        515,
        515,
        500,
        25,
        515,
        -20,
        10,
        515,
        515,
        515,
        515,
        500,
        515,
        25,
        500,
        500,
        25,
        515,
        530,
        515,
        500,
        25,
        545,
        25,
        515,
        545,
        25,
        -20,
        515,
        10,
        25,
        530,
        500,
        515
      ],